PNG File,Block State,Block Name
acacia_door_bottom.png,acacia_door,acacia_door
acacia_door_top.png,acacia_door,acacia_door
acacia_leaves.png,acacia_leaves,acacia_leaves
acacia_log.png,acacia_log,acacia_log
acacia_log_top.png,acacia_log,acacia_log
acacia_planks.png,acacia_planks,acacia_planks
acacia_sapling.png,acacia_sapling,acacia_sapling
acacia_trapdoor.png,acacia_trapdoor,acacia_trapdoor
activator_rail.png,activator_rail,activator_rail
activator_rail_on.png,activator_rail,activator_rail
allium.png,allium,allium
amethyst_block.png,amethyst_block,amethyst_block
amethyst_cluster.png,amethyst_cluster,amethyst_cluster
ancient_debris_side.png,ancient_debris,ancient_debris
ancient_debris_top.png,ancient_debris,ancient_debris
andesite.png,andesite,andesite
anvil.png,anvil,anvil
anvil_top.png,anvil,anvil
attached_melon_stem.png,attached_melon_stem,attached_melon_stem
attached_pumpkin_stem.png,attached_pumpkin_stem,attached_pumpkin_stem
azalea_leaves.png,azalea_leaves,azalea_leaves
azalea_plant.png,azalea,azalea
azalea_side.png,azalea,azalea
azalea_top.png,azalea,azalea
azure_bluet.png,azure_bluet,azure_bluet
bamboo_block.png,bamboo_block,bamboo_block
bamboo_block_top.png,bamboo_block,bamboo_block
bamboo_door_bottom.png,bamboo_door,bamboo_door
bamboo_door_top.png,bamboo_door,bamboo_door
bamboo_fence.png,bamboo_fence,bamboo_fence
bamboo_fence_gate.png,bamboo_fence_gate,bamboo_fence_gate
bamboo_fence_gate_particle.png,bamboo_fence_gate,bamboo_fence_gate
bamboo_fence_particle.png,bamboo_fence,bamboo_fence
bamboo_large_leaves.png,bamboo,bamboo
bamboo_mosaic.png,bamboo_mosaic,bamboo_mosaic
bamboo_planks.png,bamboo_planks,bamboo_planks
bamboo_singleleaf.png,bamboo,bamboo
bamboo_small_leaves.png,bamboo,bamboo
bamboo_stage0.png,bamboo,bamboo
bamboo_stalk.png,bamboo,bamboo
bamboo_trapdoor.png,bamboo_trapdoor,bamboo_trapdoor
barrel_bottom.png,barrel,barrel
barrel_side.png,barrel,barrel
barrel_top.png,barrel,barrel
barrel_top_open.png,barrel,barrel
basalt_side.png,basalt,basalt
basalt_top.png,basalt,basalt
beacon.png,beacon,beacon
bedrock.png,bedrock,bedrock
bee_nest_bottom.png,bee_nest,bee_nest
bee_nest_front.png,bee_nest,bee_nest
bee_nest_front_honey.png,bee_nest,bee_nest
bee_nest_side.png,bee_nest,bee_nest
bee_nest_top.png,bee_nest,bee_nest
beehive_end.png,beehive,beehive
beehive_front.png,beehive,beehive
beehive_front_honey.png,beehive,beehive
beehive_side.png,beehive,beehive
beetroots_stage0.png,beetroots,beetroots
beetroots_stage1.png,beetroots,beetroots
beetroots_stage2.png,beetroots,beetroots
beetroots_stage3.png,beetroots,beetroots
bell_bottom.png,bell,bell
bell_side.png,bell,bell
bell_top.png,bell,bell
big_dripleaf_side.png,big_dripleaf,big_dripleaf
big_dripleaf_stem.png,big_dripleaf_stem,big_dripleaf_stem
big_dripleaf_tip.png,big_dripleaf,big_dripleaf
big_dripleaf_top.png,big_dripleaf,big_dripleaf
birch_door_bottom.png,birch_door,birch_door
birch_door_top.png,birch_door,birch_door
birch_leaves.png,birch_leaves,birch_leaves
birch_log.png,birch_log,birch_log
birch_log_top.png,birch_log,birch_log
birch_planks.png,birch_planks,birch_planks
birch_sapling.png,birch_sapling,birch_sapling
birch_trapdoor.png,birch_trapdoor,birch_trapdoor
black_candle.png,black_candle,black_candle
black_candle_lit.png,black_candle,black_candle
black_concrete.png,black_concrete,black_concrete
black_concrete_powder.png,black_concrete_powder,black_concrete_powder
black_glazed_terracotta.png,black_glazed_terracotta,black_glazed_terracotta
black_shulker_box.png,black_shulker_box,black_shulker_box
black_stained_glass.png,black_stained_glass,black_stained_glass
black_stained_glass_pane_top.png,black_stained_glass_pane,black_stained_glass_pane
black_terracotta.png,black_terracotta,black_terracotta
black_wool.png,black_wool,black_wool
blackstone.png,blackstone,blackstone
blackstone_top.png,blackstone,blackstone
blast_furnace_front.png,blast_furnace,blast_furnace
blast_furnace_front_on.png,blast_furnace,blast_furnace
blast_furnace_side.png,blast_furnace,blast_furnace
blast_furnace_top.png,blast_furnace,blast_furnace
blue_candle.png,blue_candle,blue_candle
blue_candle_lit.png,blue_candle,blue_candle
blue_concrete.png,blue_concrete,blue_concrete
blue_concrete_powder.png,blue_concrete_powder,blue_concrete_powder
blue_glazed_terracotta.png,blue_glazed_terracotta,blue_glazed_terracotta
blue_ice.png,blue_ice,blue_ice
blue_orchid.png,blue_orchid,blue_orchid
blue_shulker_box.png,blue_shulker_box,blue_shulker_box
blue_stained_glass.png,blue_stained_glass,blue_stained_glass
blue_stained_glass_pane_top.png,blue_stained_glass_pane,blue_stained_glass_pane
blue_terracotta.png,blue_terracotta,blue_terracotta
blue_wool.png,blue_wool,blue_wool
bone_block_side.png,bone_block,bone_block
bone_block_top.png,bone_block,bone_block
bookshelf.png,bookshelf,bookshelf
brain_coral.png,brain_coral,brain_coral
brain_coral_block.png,brain_coral_block,brain_coral_block
brain_coral_fan.png,brain_coral_fan,brain_coral_fan
brewing_stand.png,brewing_stand,brewing_stand
brewing_stand_base.png,brewing_stand,brewing_stand
bricks.png,bricks,bricks
brown_candle.png,brown_candle,brown_candle
brown_candle_lit.png,brown_candle,brown_candle
brown_concrete.png,brown_concrete,brown_concrete
brown_concrete_powder.png,brown_concrete_powder,brown_concrete_powder
brown_glazed_terracotta.png,brown_glazed_terracotta,brown_glazed_terracotta
brown_mushroom.png,brown_mushroom,brown_mushroom
brown_mushroom_block.png,brown_mushroom_block,brown_mushroom_block
brown_shulker_box.png,brown_shulker_box,brown_shulker_box
brown_stained_glass.png,brown_stained_glass,brown_stained_glass
brown_stained_glass_pane_top.png,brown_stained_glass_pane,brown_stained_glass_pane
brown_terracotta.png,brown_terracotta,brown_terracotta
brown_wool.png,brown_wool,brown_wool
bubble_coral.png,bubble_coral,bubble_coral
bubble_coral_block.png,bubble_coral_block,bubble_coral_block
bubble_coral_fan.png,bubble_coral_fan,bubble_coral_fan
budding_amethyst.png,budding_amethyst,budding_amethyst
cactus_bottom.png,cactus,cactus
cactus_side.png,cactus,cactus
cactus_top.png,cactus,cactus
cake_bottom.png,cake,cake
cake_inner.png,cake,cake
cake_side.png,cake,cake
cake_top.png,cake,cake
calcite.png,calcite,calcite
calibrated_sculk_sensor_amethyst.png,calibrated_sculk_sensor,calibrated_sculk_sensor
calibrated_sculk_sensor_input_side.png,calibrated_sculk_sensor,calibrated_sculk_sensor
calibrated_sculk_sensor_top.png,calibrated_sculk_sensor,calibrated_sculk_sensor
campfire_fire.png,campfire,campfire
campfire_log.png,campfire,campfire
campfire_log_lit.png,campfire,campfire
candle.png,candle,candle
candle_lit.png,candle,candle
carrots_stage0.png,carrots,carrots
carrots_stage1.png,carrots,carrots
carrots_stage2.png,carrots,carrots
carrots_stage3.png,carrots,carrots
cartography_table_side1.png,cartography_table,cartography_table
cartography_table_side2.png,cartography_table,cartography_table
cartography_table_side3.png,cartography_table,cartography_table
cartography_table_top.png,cartography_table,cartography_table
carved_pumpkin.png,carved_pumpkin,carved_pumpkin
cauldron_bottom.png,cauldron,cauldron
cauldron_inner.png,cauldron,cauldron
cauldron_side.png,cauldron,cauldron
cauldron_top.png,cauldron,cauldron
cave_vines.png,cave_vines,cave_vines
cave_vines_lit.png,cave_vines,cave_vines
cave_vines_plant.png,cave_vines_plant,cave_vines_plant
cave_vines_plant_lit.png,cave_vines_plant,cave_vines_plant
chain.png,chain,chain
chain_command_block_back.png,chain_command_block,chain_command_block
chain_command_block_conditional.png,chain_command_block,chain_command_block
chain_command_block_front.png,chain_command_block,chain_command_block
chain_command_block_side.png,chain_command_block,chain_command_block
cherry_door_bottom.png,cherry_door,cherry_door
cherry_door_top.png,cherry_door,cherry_door
cherry_leaves.png,cherry_leaves,cherry_leaves
cherry_log.png,cherry_log,cherry_log
cherry_log_top.png,cherry_log,cherry_log
cherry_planks.png,cherry_planks,cherry_planks
cherry_sapling.png,cherry_sapling,cherry_sapling
cherry_trapdoor.png,cherry_trapdoor,cherry_trapdoor
chipped_anvil_top.png,chipped_anvil,chipped_anvil
chiseled_bookshelf_empty.png,chiseled_bookshelf,chiseled_bookshelf
chiseled_bookshelf_occupied.png,chiseled_bookshelf,chiseled_bookshelf
chiseled_bookshelf_side.png,chiseled_bookshelf,chiseled_bookshelf
chiseled_bookshelf_top.png,chiseled_bookshelf,chiseled_bookshelf
chiseled_copper.png,chiseled_copper,chiseled_copper
chiseled_deepslate.png,chiseled_deepslate,chiseled_deepslate
chiseled_nether_bricks.png,chiseled_nether_bricks,chiseled_nether_bricks
chiseled_polished_blackstone.png,chiseled_polished_blackstone,chiseled_polished_blackstone
chiseled_quartz_block.png,chiseled_quartz_block,chiseled_quartz_block
chiseled_quartz_block_top.png,chiseled_quartz_block,chiseled_quartz_block
chiseled_red_sandstone.png,chiseled_red_sandstone,chiseled_red_sandstone
chiseled_sandstone.png,chiseled_sandstone,chiseled_sandstone
chiseled_stone_bricks.png,chiseled_stone_bricks,chiseled_stone_bricks
chiseled_tuff.png,chiseled_tuff,chiseled_tuff
chiseled_tuff_bricks.png,chiseled_tuff_bricks,chiseled_tuff_bricks
chiseled_tuff_bricks_top.png,chiseled_tuff_bricks,chiseled_tuff_bricks
chiseled_tuff_top.png,chiseled_tuff,chiseled_tuff
chorus_flower.png,chorus_flower,chorus_flower
chorus_flower_dead.png,chorus_flower,chorus_flower
chorus_plant.png,chorus_plant,chorus_plant
clay.png,clay,clay
coal_block.png,coal_block,coal_block
coal_ore.png,coal_ore,coal_ore
coarse_dirt.png,coarse_dirt,coarse_dirt
cobbled_deepslate.png,cobbled_deepslate,cobbled_deepslate
cobblestone.png,cobblestone,cobblestone
cobweb.png,cobweb,cobweb
cocoa_stage0.png,cocoa,cocoa
cocoa_stage1.png,cocoa,cocoa
cocoa_stage2.png,cocoa,cocoa
command_block_back.png,command_block,command_block
command_block_conditional.png,command_block,command_block
command_block_front.png,command_block,command_block
command_block_side.png,command_block,command_block
comparator.png,comparator,comparator
comparator_on.png,comparator,comparator
composter_bottom.png,composter,composter
composter_compost.png,composter,composter
composter_ready.png,composter,composter
composter_side.png,composter,composter
composter_top.png,composter,composter
conduit.png,conduit,conduit
copper_block.png,copper_block,copper_block
copper_bulb.png,copper_bulb,copper_bulb
copper_bulb_lit.png,copper_bulb,copper_bulb
copper_bulb_lit_powered.png,copper_bulb,copper_bulb
copper_bulb_powered.png,copper_bulb,copper_bulb
copper_door_bottom.png,copper_door,copper_door
copper_door_top.png,copper_door,copper_door
copper_grate.png,copper_grate,copper_grate
copper_ore.png,copper_ore,copper_ore
copper_trapdoor.png,copper_trapdoor,copper_trapdoor
cornflower.png,cornflower,cornflower
cracked_deepslate_bricks.png,cracked_deepslate_bricks,cracked_deepslate_bricks
cracked_deepslate_tiles.png,cracked_deepslate_tiles,cracked_deepslate_tiles
cracked_nether_bricks.png,cracked_nether_bricks,cracked_nether_bricks
cracked_polished_blackstone_bricks.png,cracked_polished_blackstone_bricks,cracked_polished_blackstone_bricks
cracked_stone_bricks.png,cracked_stone_bricks,cracked_stone_bricks
crafter_bottom.png,crafter,crafter
crafter_east.png,crafter,crafter
crafter_east_crafting.png,crafter,crafter
crafter_east_triggered.png,crafter,crafter
crafter_north.png,crafter,crafter
crafter_north_crafting.png,crafter,crafter
crafter_south.png,crafter,crafter
crafter_south_triggered.png,crafter,crafter
crafter_top.png,crafter,crafter
crafter_top_crafting.png,crafter,crafter
crafter_top_triggered.png,crafter,crafter
crafter_west.png,crafter,crafter
crafter_west_crafting.png,crafter,crafter
crafter_west_triggered.png,crafter,crafter
crafting_table_front.png,crafting_table,crafting_table
crafting_table_side.png,crafting_table,crafting_table
crafting_table_top.png,crafting_table,crafting_table
crimson_door_bottom.png,crimson_door,crimson_door
crimson_door_top.png,crimson_door,crimson_door
crimson_fungus.png,crimson_fungus,crimson_fungus
crimson_nylium.png,crimson_nylium,crimson_nylium
crimson_nylium_side.png,crimson_nylium,crimson_nylium
crimson_planks.png,crimson_planks,crimson_planks
crimson_roots.png,crimson_roots,crimson_roots
crimson_roots_pot.png,crimson_roots,crimson_roots
crimson_stem.png,crimson_stem,crimson_stem
crimson_stem_top.png,crimson_stem,crimson_stem
crimson_trapdoor.png,crimson_trapdoor,crimson_trapdoor
crying_obsidian.png,crying_obsidian,crying_obsidian
cut_copper.png,cut_copper,cut_copper
cut_red_sandstone.png,cut_red_sandstone,cut_red_sandstone
cut_sandstone.png,cut_sandstone,cut_sandstone
cyan_candle.png,cyan_candle,cyan_candle
cyan_candle_lit.png,cyan_candle,cyan_candle
cyan_concrete.png,cyan_concrete,cyan_concrete
cyan_concrete_powder.png,cyan_concrete_powder,cyan_concrete_powder
cyan_glazed_terracotta.png,cyan_glazed_terracotta,cyan_glazed_terracotta
cyan_shulker_box.png,cyan_shulker_box,cyan_shulker_box
cyan_stained_glass.png,cyan_stained_glass,cyan_stained_glass
cyan_stained_glass_pane_top.png,cyan_stained_glass_pane,cyan_stained_glass_pane
cyan_terracotta.png,cyan_terracotta,cyan_terracotta
cyan_wool.png,cyan_wool,cyan_wool
damaged_anvil_top.png,damaged_anvil,damaged_anvil
dandelion.png,dandelion,dandelion
dark_oak_door_bottom.png,dark_oak_door,dark_oak_door
dark_oak_door_top.png,dark_oak_door,dark_oak_door
dark_oak_leaves.png,dark_oak_leaves,dark_oak_leaves
dark_oak_log.png,dark_oak_log,dark_oak_log
dark_oak_log_top.png,dark_oak_log,dark_oak_log
dark_oak_planks.png,dark_oak_planks,dark_oak_planks
dark_oak_sapling.png,dark_oak_sapling,dark_oak_sapling
dark_oak_trapdoor.png,dark_oak_trapdoor,dark_oak_trapdoor
dark_prismarine.png,dark_prismarine,dark_prismarine
daylight_detector_inverted_top.png,daylight_detector,daylight_detector
daylight_detector_side.png,daylight_detector,daylight_detector
daylight_detector_top.png,daylight_detector,daylight_detector
dead_brain_coral.png,dead_brain_coral,dead_brain_coral
dead_brain_coral_block.png,dead_brain_coral_block,dead_brain_coral_block
dead_brain_coral_fan.png,dead_brain_coral_fan,dead_brain_coral_fan
dead_bubble_coral.png,dead_bubble_coral,dead_bubble_coral
dead_bubble_coral_block.png,dead_bubble_coral_block,dead_bubble_coral_block
dead_bubble_coral_fan.png,dead_bubble_coral_fan,dead_bubble_coral_fan
dead_bush.png,dead_bush,dead_bush
dead_fire_coral.png,dead_fire_coral,dead_fire_coral
dead_fire_coral_block.png,dead_fire_coral_block,dead_fire_coral_block
dead_fire_coral_fan.png,dead_fire_coral_fan,dead_fire_coral_fan
dead_horn_coral.png,dead_horn_coral,dead_horn_coral
dead_horn_coral_block.png,dead_horn_coral_block,dead_horn_coral_block
dead_horn_coral_fan.png,dead_horn_coral_fan,dead_horn_coral_fan
dead_tube_coral.png,dead_tube_coral,dead_tube_coral
dead_tube_coral_block.png,dead_tube_coral_block,dead_tube_coral_block
dead_tube_coral_fan.png,dead_tube_coral_fan,dead_tube_coral_fan
deepslate.png,deepslate,deepslate
deepslate_bricks.png,deepslate_bricks,deepslate_bricks
deepslate_coal_ore.png,deepslate_coal_ore,deepslate_coal_ore
deepslate_copper_ore.png,deepslate_copper_ore,deepslate_copper_ore
deepslate_diamond_ore.png,deepslate_diamond_ore,deepslate_diamond_ore
deepslate_emerald_ore.png,deepslate_emerald_ore,deepslate_emerald_ore
deepslate_gold_ore.png,deepslate_gold_ore,deepslate_gold_ore
deepslate_iron_ore.png,deepslate_iron_ore,deepslate_iron_ore
deepslate_lapis_ore.png,deepslate_lapis_ore,deepslate_lapis_ore
deepslate_redstone_ore.png,deepslate_redstone_ore,deepslate_redstone_ore
deepslate_tiles.png,deepslate_tiles,deepslate_tiles
deepslate_top.png,deepslate,deepslate
detector_rail.png,detector_rail,detector_rail
detector_rail_on.png,detector_rail,detector_rail
diamond_block.png,diamond_block,diamond_block
diamond_ore.png,diamond_ore,diamond_ore
diorite.png,diorite,diorite
dirt.png,dirt,dirt
dirt_path_side.png,dirt_path,dirt_path
dirt_path_top.png,dirt_path,dirt_path
dispenser_front.png,dispenser,dispenser
dispenser_front_vertical.png,dispenser,dispenser
dragon_egg.png,dragon_egg,dragon_egg
dripstone_block.png,dripstone_block,dripstone_block
dropper_front.png,dropper,dropper
dropper_front_vertical.png,dropper,dropper
emerald_block.png,emerald_block,emerald_block
emerald_ore.png,emerald_ore,emerald_ore
enchanting_table_bottom.png,enchanting_table,enchanting_table
enchanting_table_side.png,enchanting_table,enchanting_table
enchanting_table_top.png,enchanting_table,enchanting_table
end_portal_frame_eye.png,end_portal_frame,end_portal_frame
end_portal_frame_side.png,end_portal_frame,end_portal_frame
end_portal_frame_top.png,end_portal_frame,end_portal_frame
end_rod.png,end_rod,end_rod
end_stone.png,end_stone,end_stone
end_stone_bricks.png,end_stone_bricks,end_stone_bricks
exposed_chiseled_copper.png,exposed_chiseled_copper,exposed_chiseled_copper
exposed_copper.png,exposed_copper,exposed_copper
exposed_copper_bulb.png,exposed_copper_bulb,exposed_copper_bulb
exposed_copper_bulb_lit.png,exposed_copper_bulb,exposed_copper_bulb
exposed_copper_bulb_lit_powered.png,exposed_copper_bulb,exposed_copper_bulb
exposed_copper_bulb_powered.png,exposed_copper_bulb,exposed_copper_bulb
exposed_copper_door_bottom.png,exposed_copper_door,exposed_copper_door
exposed_copper_door_top.png,exposed_copper_door,exposed_copper_door
exposed_copper_grate.png,exposed_copper_grate,exposed_copper_grate
exposed_copper_trapdoor.png,exposed_copper_trapdoor,exposed_copper_trapdoor
exposed_cut_copper.png,exposed_cut_copper,exposed_cut_copper
farmland.png,farmland,farmland
farmland_moist.png,farmland,farmland
fern.png,fern,fern
fire_0.png,fire,fire
fire_1.png,fire,fire
fire_coral.png,fire_coral,fire_coral
fire_coral_block.png,fire_coral_block,fire_coral_block
fire_coral_fan.png,fire_coral_fan,fire_coral_fan
fletching_table_front.png,fletching_table,fletching_table
fletching_table_side.png,fletching_table,fletching_table
fletching_table_top.png,fletching_table,fletching_table
flower_pot.png,flower_pot,flower_pot
flowering_azalea_leaves.png,flowering_azalea_leaves,flowering_azalea_leaves
flowering_azalea_side.png,flowering_azalea,flowering_azalea
flowering_azalea_top.png,flowering_azalea,flowering_azalea
frogspawn.png,frogspawn,frogspawn
frosted_ice_0.png,frosted_ice,frosted_ice
frosted_ice_1.png,frosted_ice,frosted_ice
frosted_ice_2.png,frosted_ice,frosted_ice
frosted_ice_3.png,frosted_ice,frosted_ice
furnace_front.png,furnace,furnace
furnace_front_on.png,furnace,furnace
furnace_side.png,furnace,furnace
furnace_top.png,furnace,furnace
gilded_blackstone.png,gilded_blackstone,gilded_blackstone
glass.png,glass,glass
glass_pane_top.png,glass_pane,glass_pane
glow_lichen.png,glow_lichen,glow_lichen
glowstone.png,glowstone,glowstone
gold_block.png,gold_block,gold_block
gold_ore.png,gold_ore,gold_ore
granite.png,granite,granite
grass_block_side.png,grass_block,grass_block
grass_block_side_overlay.png,grass_block,grass_block
grass_block_snow.png,grass_block,grass_block
grass_block_top.png,grass_block,grass_block
gravel.png,gravel,gravel
gray_candle.png,gray_candle,gray_candle
gray_candle_lit.png,gray_candle,gray_candle
gray_concrete.png,gray_concrete,gray_concrete
gray_concrete_powder.png,gray_concrete_powder,gray_concrete_powder
gray_glazed_terracotta.png,gray_glazed_terracotta,gray_glazed_terracotta
gray_shulker_box.png,gray_shulker_box,gray_shulker_box
gray_stained_glass.png,gray_stained_glass,gray_stained_glass
gray_stained_glass_pane_top.png,gray_stained_glass_pane,gray_stained_glass_pane
gray_terracotta.png,gray_terracotta,gray_terracotta
gray_wool.png,gray_wool,gray_wool
green_candle.png,green_candle,green_candle
green_candle_lit.png,green_candle,green_candle
green_concrete.png,green_concrete,green_concrete
green_concrete_powder.png,green_concrete_powder,green_concrete_powder
green_glazed_terracotta.png,green_glazed_terracotta,green_glazed_terracotta
green_shulker_box.png,green_shulker_box,green_shulker_box
green_stained_glass.png,green_stained_glass,green_stained_glass
green_stained_glass_pane_top.png,green_stained_glass_pane,green_stained_glass_pane
green_terracotta.png,green_terracotta,green_terracotta
green_wool.png,green_wool,green_wool
grindstone_pivot.png,grindstone,grindstone
grindstone_round.png,grindstone,grindstone
grindstone_side.png,grindstone,grindstone
hanging_roots.png,hanging_roots,hanging_roots
hay_block_side.png,hay_block,hay_block
hay_block_top.png,hay_block,hay_block
heavy_core.png,heavy_core,heavy_core
honey_block_bottom.png,honey_block,honey_block
honey_block_side.png,honey_block,honey_block
honey_block_top.png,honey_block,honey_block
honeycomb_block.png,honeycomb_block,honeycomb_block
hopper_inside.png,hopper,hopper
hopper_outside.png,hopper,hopper
hopper_top.png,hopper,hopper
horn_coral.png,horn_coral,horn_coral
horn_coral_block.png,horn_coral_block,horn_coral_block
horn_coral_fan.png,horn_coral_fan,horn_coral_fan
ice.png,ice,ice
iron_bars.png,iron_bars,iron_bars
iron_block.png,iron_block,iron_block
iron_door_bottom.png,iron_door,iron_door
iron_door_top.png,iron_door,iron_door
iron_ore.png,iron_ore,iron_ore
iron_trapdoor.png,iron_trapdoor,iron_trapdoor
jack_o_lantern.png,jack_o_lantern,jack_o_lantern
jigsaw_bottom.png,jigsaw,jigsaw
jigsaw_lock.png,jigsaw,jigsaw
jigsaw_side.png,jigsaw,jigsaw
jigsaw_top.png,jigsaw,jigsaw
jukebox_side.png,jukebox,jukebox
jukebox_top.png,jukebox,jukebox
jungle_door_bottom.png,jungle_door,jungle_door
jungle_door_top.png,jungle_door,jungle_door
jungle_leaves.png,jungle_leaves,jungle_leaves
jungle_log.png,jungle_log,jungle_log
jungle_log_top.png,jungle_log,jungle_log
jungle_planks.png,jungle_planks,jungle_planks
jungle_sapling.png,jungle_sapling,jungle_sapling
jungle_trapdoor.png,jungle_trapdoor,jungle_trapdoor
kelp.png,kelp,kelp
kelp_plant.png,kelp_plant,kelp_plant
ladder.png,ladder,ladder
lantern.png,lantern,lantern
lapis_block.png,lapis_block,lapis_block
lapis_ore.png,lapis_ore,lapis_ore
large_amethyst_bud.png,large_amethyst_bud,large_amethyst_bud
large_fern_bottom.png,large_fern,large_fern
large_fern_top.png,large_fern,large_fern
lava_flow.png,lava,lava
lava_still.png,lava,lava
lectern_base.png,lectern,lectern
lectern_front.png,lectern,lectern
lectern_sides.png,lectern,lectern
lectern_top.png,lectern,lectern
lever.png,lever,lever
light_blue_candle.png,light_blue_candle,light_blue_candle
light_blue_candle_lit.png,light_blue_candle,light_blue_candle
light_blue_concrete.png,light_blue_concrete,light_blue_concrete
light_blue_concrete_powder.png,light_blue_concrete_powder,light_blue_concrete_powder
light_blue_glazed_terracotta.png,light_blue_glazed_terracotta,light_blue_glazed_terracotta
light_blue_shulker_box.png,light_blue_shulker_box,light_blue_shulker_box
light_blue_stained_glass.png,light_blue_stained_glass,light_blue_stained_glass
light_blue_stained_glass_pane_top.png,light_blue_stained_glass_pane,light_blue_stained_glass_pane
light_blue_terracotta.png,light_blue_terracotta,light_blue_terracotta
light_blue_wool.png,light_blue_wool,light_blue_wool
light_gray_candle.png,light_gray_candle,light_gray_candle
light_gray_candle_lit.png,light_gray_candle,light_gray_candle
light_gray_concrete.png,light_gray_concrete,light_gray_concrete
light_gray_concrete_powder.png,light_gray_concrete_powder,light_gray_concrete_powder
light_gray_glazed_terracotta.png,light_gray_glazed_terracotta,light_gray_glazed_terracotta
light_gray_shulker_box.png,light_gray_shulker_box,light_gray_shulker_box
light_gray_stained_glass.png,light_gray_stained_glass,light_gray_stained_glass
light_gray_stained_glass_pane_top.png,light_gray_stained_glass_pane,light_gray_stained_glass_pane
light_gray_terracotta.png,light_gray_terracotta,light_gray_terracotta
light_gray_wool.png,light_gray_wool,light_gray_wool
lightning_rod.png,lightning_rod,lightning_rod
lightning_rod_on.png,lightning_rod,lightning_rod
lilac_bottom.png,lilac,lilac
lilac_top.png,lilac,lilac
lily_of_the_valley.png,lily_of_the_valley,lily_of_the_valley
lily_pad.png,lily_pad,lily_pad
lime_candle.png,lime_candle,lime_candle
lime_candle_lit.png,lime_candle,lime_candle
lime_concrete.png,lime_concrete,lime_concrete
lime_concrete_powder.png,lime_concrete_powder,lime_concrete_powder
lime_glazed_terracotta.png,lime_glazed_terracotta,lime_glazed_terracotta
lime_shulker_box.png,lime_shulker_box,lime_shulker_box
lime_stained_glass.png,lime_stained_glass,lime_stained_glass
lime_stained_glass_pane_top.png,lime_stained_glass_pane,lime_stained_glass_pane
lime_terracotta.png,lime_terracotta,lime_terracotta
lime_wool.png,lime_wool,lime_wool
lodestone_side.png,lodestone,lodestone
lodestone_top.png,lodestone,lodestone
loom_bottom.png,loom,loom
loom_front.png,loom,loom
loom_side.png,loom,loom
loom_top.png,loom,loom
magenta_candle.png,magenta_candle,magenta_candle
magenta_candle_lit.png,magenta_candle,magenta_candle
magenta_concrete.png,magenta_concrete,magenta_concrete
magenta_concrete_powder.png,magenta_concrete_powder,magenta_concrete_powder
magenta_glazed_terracotta.png,magenta_glazed_terracotta,magenta_glazed_terracotta
magenta_shulker_box.png,magenta_shulker_box,magenta_shulker_box
magenta_stained_glass.png,magenta_stained_glass,magenta_stained_glass
magenta_stained_glass_pane_top.png,magenta_stained_glass_pane,magenta_stained_glass_pane
magenta_terracotta.png,magenta_terracotta,magenta_terracotta
magenta_wool.png,magenta_wool,magenta_wool
mangrove_door_bottom.png,mangrove_door,mangrove_door
mangrove_door_top.png,mangrove_door,mangrove_door
mangrove_leaves.png,mangrove_leaves,mangrove_leaves
mangrove_log.png,mangrove_log,mangrove_log
mangrove_log_top.png,mangrove_log,mangrove_log
mangrove_planks.png,mangrove_planks,mangrove_planks
mangrove_propagule.png,mangrove_propagule,mangrove_propagule
mangrove_propagule_hanging.png,mangrove_propagule,mangrove_propagule
mangrove_roots_side.png,mangrove_roots,mangrove_roots
mangrove_roots_top.png,mangrove_roots,mangrove_roots
mangrove_trapdoor.png,mangrove_trapdoor,mangrove_trapdoor
medium_amethyst_bud.png,medium_amethyst_bud,medium_amethyst_bud
melon_side.png,melon,melon
melon_stem.png,melon_stem,melon_stem
melon_top.png,melon,melon
moss_block.png,moss_block,moss_block
mossy_cobblestone.png,mossy_cobblestone,mossy_cobblestone
mossy_stone_bricks.png,mossy_stone_bricks,mossy_stone_bricks
mud.png,mud,mud
mud_bricks.png,mud_bricks,mud_bricks
muddy_mangrove_roots_side.png,muddy_mangrove_roots,muddy_mangrove_roots
muddy_mangrove_roots_top.png,muddy_mangrove_roots,muddy_mangrove_roots
mushroom_stem.png,mushroom_stem,mushroom_stem
mycelium_side.png,mycelium,mycelium
mycelium_top.png,mycelium,mycelium
nether_bricks.png,nether_bricks,nether_bricks
nether_gold_ore.png,nether_gold_ore,nether_gold_ore
nether_portal.png,nether_portal,nether_portal
nether_quartz_ore.png,nether_quartz_ore,nether_quartz_ore
nether_sprouts.png,nether_sprouts,nether_sprouts
nether_wart_block.png,nether_wart_block,nether_wart_block
nether_wart_stage0.png,nether_wart,nether_wart
nether_wart_stage1.png,nether_wart,nether_wart
nether_wart_stage2.png,nether_wart,nether_wart
netherite_block.png,netherite_block,netherite_block
netherrack.png,netherrack,netherrack
note_block.png,note_block,note_block
oak_door_bottom.png,oak_door,oak_door
oak_door_top.png,oak_door,oak_door
oak_leaves.png,oak_leaves,oak_leaves
oak_log.png,oak_log,oak_log
oak_log_top.png,oak_log,oak_log
oak_planks.png,oak_planks,oak_planks
oak_sapling.png,oak_sapling,oak_sapling
oak_trapdoor.png,oak_trapdoor,oak_trapdoor
observer_back.png,observer,observer
observer_back_on.png,observer,observer
observer_front.png,observer,observer
observer_side.png,observer,observer
observer_top.png,observer,observer
obsidian.png,obsidian,obsidian
ochre_froglight_side.png,ochre_froglight,ochre_froglight
ochre_froglight_top.png,ochre_froglight,ochre_froglight
orange_candle.png,orange_candle,orange_candle
orange_candle_lit.png,orange_candle,orange_candle
orange_concrete.png,orange_concrete,orange_concrete
orange_concrete_powder.png,orange_concrete_powder,orange_concrete_powder
orange_glazed_terracotta.png,orange_glazed_terracotta,orange_glazed_terracotta
orange_shulker_box.png,orange_shulker_box,orange_shulker_box
orange_stained_glass.png,orange_stained_glass,orange_stained_glass
orange_stained_glass_pane_top.png,orange_stained_glass_pane,orange_stained_glass_pane
orange_terracotta.png,orange_terracotta,orange_terracotta
orange_tulip.png,orange_tulip,orange_tulip
orange_wool.png,orange_wool,orange_wool
oxeye_daisy.png,oxeye_daisy,oxeye_daisy
oxidized_chiseled_copper.png,oxidized_chiseled_copper,oxidized_chiseled_copper
oxidized_copper.png,oxidized_copper,oxidized_copper
oxidized_copper_bulb.png,oxidized_copper_bulb,oxidized_copper_bulb
oxidized_copper_bulb_lit.png,oxidized_copper_bulb,oxidized_copper_bulb
oxidized_copper_bulb_lit_powered.png,oxidized_copper_bulb,oxidized_copper_bulb
oxidized_copper_bulb_powered.png,oxidized_copper_bulb,oxidized_copper_bulb
oxidized_copper_door_bottom.png,oxidized_copper_door,oxidized_copper_door
oxidized_copper_door_top.png,oxidized_copper_door,oxidized_copper_door
oxidized_copper_grate.png,oxidized_copper_grate,oxidized_copper_grate
oxidized_copper_trapdoor.png,oxidized_copper_trapdoor,oxidized_copper_trapdoor
oxidized_cut_copper.png,oxidized_cut_copper,oxidized_cut_copper
packed_ice.png,packed_ice,packed_ice
packed_mud.png,packed_mud,packed_mud
pearlescent_froglight_side.png,pearlescent_froglight,pearlescent_froglight
pearlescent_froglight_top.png,pearlescent_froglight,pearlescent_froglight
peony_bottom.png,peony,peony
peony_top.png,peony,peony
pink_candle.png,pink_candle,pink_candle
pink_candle_lit.png,pink_candle,pink_candle
pink_concrete.png,pink_concrete,pink_concrete
pink_concrete_powder.png,pink_concrete_powder,pink_concrete_powder
pink_glazed_terracotta.png,pink_glazed_terracotta,pink_glazed_terracotta
pink_petals.png,pink_petals,pink_petals
pink_petals_stem.png,pink_petals,pink_petals
pink_shulker_box.png,pink_shulker_box,pink_shulker_box
pink_stained_glass.png,pink_stained_glass,pink_stained_glass
pink_stained_glass_pane_top.png,pink_stained_glass_pane,pink_stained_glass_pane
pink_terracotta.png,pink_terracotta,pink_terracotta
pink_tulip.png,pink_tulip,pink_tulip
pink_wool.png,pink_wool,pink_wool
piston_bottom.png,piston,piston
piston_inner.png,piston,piston
piston_side.png,piston,piston
piston_top.png,piston,piston
piston_top_sticky.png,piston,piston
pitcher_crop_bottom.png,pitcher_crop,pitcher_crop
pitcher_crop_bottom_stage_1.png,pitcher_crop,pitcher_crop
pitcher_crop_bottom_stage_2.png,pitcher_crop,pitcher_crop
pitcher_crop_bottom_stage_3.png,pitcher_crop,pitcher_crop
pitcher_crop_bottom_stage_4.png,pitcher_crop,pitcher_crop
pitcher_crop_side.png,pitcher_crop,pitcher_crop
pitcher_crop_top.png,pitcher_crop,pitcher_crop
pitcher_crop_top_stage_3.png,pitcher_crop,pitcher_crop
pitcher_crop_top_stage_4.png,pitcher_crop,pitcher_crop
podzol_side.png,podzol,podzol
podzol_top.png,podzol,podzol
pointed_dripstone_down_base.png,pointed_dripstone,pointed_dripstone
pointed_dripstone_down_frustum.png,pointed_dripstone,pointed_dripstone
pointed_dripstone_down_middle.png,pointed_dripstone,pointed_dripstone
pointed_dripstone_down_tip.png,pointed_dripstone,pointed_dripstone
pointed_dripstone_down_tip_merge.png,pointed_dripstone,pointed_dripstone
pointed_dripstone_up_base.png,pointed_dripstone,pointed_dripstone
pointed_dripstone_up_frustum.png,pointed_dripstone,pointed_dripstone
pointed_dripstone_up_middle.png,pointed_dripstone,pointed_dripstone
pointed_dripstone_up_tip.png,pointed_dripstone,pointed_dripstone
pointed_dripstone_up_tip_merge.png,pointed_dripstone,pointed_dripstone
polished_andesite.png,polished_andesite,polished_andesite
polished_basalt_side.png,polished_basalt,polished_basalt
polished_basalt_top.png,polished_basalt,polished_basalt
polished_blackstone.png,polished_blackstone,polished_blackstone
polished_blackstone_bricks.png,polished_blackstone_bricks,polished_blackstone_bricks
polished_deepslate.png,polished_deepslate,polished_deepslate
polished_diorite.png,polished_diorite,polished_diorite
polished_granite.png,polished_granite,polished_granite
polished_tuff.png,polished_tuff,polished_tuff
poppy.png,poppy,poppy
potatoes_stage0.png,potatoes,potatoes
potatoes_stage1.png,potatoes,potatoes
potatoes_stage2.png,potatoes,potatoes
potatoes_stage3.png,potatoes,potatoes
potted_azalea_bush_plant.png,potted_azalea_bush,potted_azalea_bush
potted_azalea_bush_side.png,potted_azalea_bush,potted_azalea_bush
potted_azalea_bush_top.png,potted_azalea_bush,potted_azalea_bush
potted_flowering_azalea_bush_plant.png,potted_flowering_azalea_bush,potted_flowering_azalea_bush
potted_flowering_azalea_bush_side.png,potted_flowering_azalea_bush,potted_flowering_azalea_bush
potted_flowering_azalea_bush_top.png,potted_flowering_azalea_bush,potted_flowering_azalea_bush
powder_snow.png,powder_snow,powder_snow
powered_rail.png,powered_rail,powered_rail
powered_rail_on.png,powered_rail,powered_rail
prismarine.png,prismarine,prismarine
prismarine_bricks.png,prismarine_bricks,prismarine_bricks
pumpkin_side.png,pumpkin,pumpkin
pumpkin_stem.png,pumpkin_stem,pumpkin_stem
pumpkin_top.png,pumpkin,pumpkin
purple_candle.png,purple_candle,purple_candle
purple_candle_lit.png,purple_candle,purple_candle
purple_concrete.png,purple_concrete,purple_concrete
purple_concrete_powder.png,purple_concrete_powder,purple_concrete_powder
purple_glazed_terracotta.png,purple_glazed_terracotta,purple_glazed_terracotta
purple_shulker_box.png,purple_shulker_box,purple_shulker_box
purple_stained_glass.png,purple_stained_glass,purple_stained_glass
purple_stained_glass_pane_top.png,purple_stained_glass_pane,purple_stained_glass_pane
purple_terracotta.png,purple_terracotta,purple_terracotta
purple_wool.png,purple_wool,purple_wool
purpur_block.png,purpur_block,purpur_block
purpur_pillar.png,purpur_pillar,purpur_pillar
purpur_pillar_top.png,purpur_pillar,purpur_pillar
quartz_block_bottom.png,quartz_block,quartz_block
quartz_block_side.png,quartz_block,quartz_block
quartz_block_top.png,quartz_block,quartz_block
quartz_bricks.png,quartz_bricks,quartz_bricks
quartz_pillar.png,quartz_pillar,quartz_pillar
quartz_pillar_top.png,quartz_pillar,quartz_pillar
rail.png,rail,rail
rail_corner.png,rail,rail
raw_copper_block.png,raw_copper_block,raw_copper_block
raw_gold_block.png,raw_gold_block,raw_gold_block
raw_iron_block.png,raw_iron_block,raw_iron_block
red_candle.png,red_candle,red_candle
red_candle_lit.png,red_candle,red_candle
red_concrete.png,red_concrete,red_concrete
red_concrete_powder.png,red_concrete_powder,red_concrete_powder
red_glazed_terracotta.png,red_glazed_terracotta,red_glazed_terracotta
red_mushroom.png,red_mushroom,red_mushroom
red_mushroom_block.png,red_mushroom_block,red_mushroom_block
red_nether_bricks.png,red_nether_bricks,red_nether_bricks
red_sand.png,red_sand,red_sand
red_sandstone.png,red_sandstone,red_sandstone
red_sandstone_bottom.png,red_sandstone,red_sandstone
red_sandstone_top.png,red_sandstone,red_sandstone
red_shulker_box.png,red_shulker_box,red_shulker_box
red_stained_glass.png,red_stained_glass,red_stained_glass
red_stained_glass_pane_top.png,red_stained_glass_pane,red_stained_glass_pane
red_terracotta.png,red_terracotta,red_terracotta
red_tulip.png,red_tulip,red_tulip
red_wool.png,red_wool,red_wool
redstone_block.png,redstone_block,redstone_block
redstone_lamp.png,redstone_lamp,redstone_lamp
redstone_lamp_on.png,redstone_lamp,redstone_lamp
redstone_ore.png,redstone_ore,redstone_ore
redstone_torch.png,redstone_torch,redstone_torch
redstone_torch_off.png,redstone_torch,redstone_torch
reinforced_deepslate_bottom.png,reinforced_deepslate,reinforced_deepslate
reinforced_deepslate_side.png,reinforced_deepslate,reinforced_deepslate
reinforced_deepslate_top.png,reinforced_deepslate,reinforced_deepslate
repeater.png,repeater,repeater
repeater_on.png,repeater,repeater
repeating_command_block_back.png,repeating_command_block,repeating_command_block
repeating_command_block_conditional.png,repeating_command_block,repeating_command_block
repeating_command_block_front.png,repeating_command_block,repeating_command_block
repeating_command_block_side.png,repeating_command_block,repeating_command_block
respawn_anchor_bottom.png,respawn_anchor,respawn_anchor
respawn_anchor_side0.png,respawn_anchor,respawn_anchor
respawn_anchor_side1.png,respawn_anchor,respawn_anchor
respawn_anchor_side2.png,respawn_anchor,respawn_anchor
respawn_anchor_side3.png,respawn_anchor,respawn_anchor
respawn_anchor_side4.png,respawn_anchor,respawn_anchor
respawn_anchor_top.png,respawn_anchor,respawn_anchor
respawn_anchor_top_off.png,respawn_anchor,respawn_anchor
rooted_dirt.png,rooted_dirt,rooted_dirt
rose_bush_bottom.png,rose_bush,rose_bush
rose_bush_top.png,rose_bush,rose_bush
sand.png,sand,sand
sandstone.png,sandstone,sandstone
sandstone_bottom.png,sandstone,sandstone
sandstone_top.png,sandstone,sandstone
scaffolding_bottom.png,scaffolding,scaffolding
scaffolding_side.png,scaffolding,scaffolding
scaffolding_top.png,scaffolding,scaffolding
sculk.png,sculk,sculk
sculk_catalyst_bottom.png,sculk_catalyst,sculk_catalyst
sculk_catalyst_side.png,sculk_catalyst,sculk_catalyst
sculk_catalyst_side_bloom.png,sculk_catalyst,sculk_catalyst
sculk_catalyst_top.png,sculk_catalyst,sculk_catalyst
sculk_catalyst_top_bloom.png,sculk_catalyst,sculk_catalyst
sculk_sensor_bottom.png,sculk_sensor,sculk_sensor
sculk_sensor_side.png,sculk_sensor,sculk_sensor
sculk_sensor_tendril_active.png,sculk_sensor,sculk_sensor
sculk_sensor_tendril_inactive.png,sculk_sensor,sculk_sensor
sculk_sensor_top.png,sculk_sensor,sculk_sensor
sculk_shrieker_bottom.png,sculk_shrieker,sculk_shrieker
sculk_shrieker_can_summon_inner_top.png,sculk_shrieker,sculk_shrieker
sculk_shrieker_inner_top.png,sculk_shrieker,sculk_shrieker
sculk_shrieker_side.png,sculk_shrieker,sculk_shrieker
sculk_shrieker_top.png,sculk_shrieker,sculk_shrieker
sculk_vein.png,sculk_vein,sculk_vein
sea_lantern.png,sea_lantern,sea_lantern
sea_pickle.png,sea_pickle,sea_pickle
seagrass.png,seagrass,seagrass
short_grass.png,short_grass,short_grass
shroomlight.png,shroomlight,shroomlight
shulker_box.png,shulker_box,shulker_box
slime_block.png,slime_block,slime_block
small_amethyst_bud.png,small_amethyst_bud,small_amethyst_bud
small_dripleaf_side.png,small_dripleaf,small_dripleaf
small_dripleaf_stem_bottom.png,small_dripleaf,small_dripleaf
small_dripleaf_stem_top.png,small_dripleaf,small_dripleaf
small_dripleaf_top.png,small_dripleaf,small_dripleaf
smithing_table_bottom.png,smithing_table,smithing_table
smithing_table_front.png,smithing_table,smithing_table
smithing_table_side.png,smithing_table,smithing_table
smithing_table_top.png,smithing_table,smithing_table
smoker_bottom.png,smoker,smoker
smoker_front.png,smoker,smoker
smoker_front_on.png,smoker,smoker
smoker_side.png,smoker,smoker
smoker_top.png,smoker,smoker
smooth_basalt.png,smooth_basalt,smooth_basalt
smooth_stone.png,smooth_stone,smooth_stone
smooth_stone_slab_side.png,smooth_stone_slab,smooth_stone_slab
sniffer_egg_not_cracked_bottom.png,sniffer_egg,sniffer_egg
sniffer_egg_not_cracked_east.png,sniffer_egg,sniffer_egg
sniffer_egg_not_cracked_north.png,sniffer_egg,sniffer_egg
sniffer_egg_not_cracked_south.png,sniffer_egg,sniffer_egg
sniffer_egg_not_cracked_top.png,sniffer_egg,sniffer_egg
sniffer_egg_not_cracked_west.png,sniffer_egg,sniffer_egg
sniffer_egg_slightly_cracked_bottom.png,sniffer_egg,sniffer_egg
sniffer_egg_slightly_cracked_east.png,sniffer_egg,sniffer_egg
sniffer_egg_slightly_cracked_north.png,sniffer_egg,sniffer_egg
sniffer_egg_slightly_cracked_south.png,sniffer_egg,sniffer_egg
sniffer_egg_slightly_cracked_top.png,sniffer_egg,sniffer_egg
sniffer_egg_slightly_cracked_west.png,sniffer_egg,sniffer_egg
sniffer_egg_very_cracked_bottom.png,sniffer_egg,sniffer_egg
sniffer_egg_very_cracked_east.png,sniffer_egg,sniffer_egg
sniffer_egg_very_cracked_north.png,sniffer_egg,sniffer_egg
sniffer_egg_very_cracked_south.png,sniffer_egg,sniffer_egg
sniffer_egg_very_cracked_top.png,sniffer_egg,sniffer_egg
sniffer_egg_very_cracked_west.png,sniffer_egg,sniffer_egg
snow.png,snow,snow
soul_campfire_fire.png,soul_campfire,soul_campfire
soul_campfire_log_lit.png,soul_campfire,soul_campfire
soul_fire_0.png,soul_fire,soul_fire
soul_fire_1.png,soul_fire,soul_fire
soul_lantern.png,soul_lantern,soul_lantern
soul_sand.png,soul_sand,soul_sand
soul_soil.png,soul_soil,soul_soil
soul_torch.png,soul_torch,soul_torch
spawner.png,spawner,spawner
sponge.png,sponge,sponge
spore_blossom.png,spore_blossom,spore_blossom
spore_blossom_base.png,spore_blossom,spore_blossom
spruce_door_bottom.png,spruce_door,spruce_door
spruce_door_top.png,spruce_door,spruce_door
spruce_leaves.png,spruce_leaves,spruce_leaves
spruce_log.png,spruce_log,spruce_log
spruce_log_top.png,spruce_log,spruce_log
spruce_planks.png,spruce_planks,spruce_planks
spruce_sapling.png,spruce_sapling,spruce_sapling
spruce_trapdoor.png,spruce_trapdoor,spruce_trapdoor
stone.png,stone,stone
stone_bricks.png,stone_bricks,stone_bricks
stonecutter_bottom.png,stonecutter,stonecutter
stonecutter_saw.png,stonecutter,stonecutter
stonecutter_side.png,stonecutter,stonecutter
stonecutter_top.png,stonecutter,stonecutter
stripped_acacia_log.png,stripped_acacia_log,stripped_acacia_log
stripped_acacia_log_top.png,stripped_acacia_log,stripped_acacia_log
stripped_bamboo_block.png,stripped_bamboo_block,stripped_bamboo_block
stripped_bamboo_block_top.png,stripped_bamboo_block,stripped_bamboo_block
stripped_birch_log.png,stripped_birch_log,stripped_birch_log
stripped_birch_log_top.png,stripped_birch_log,stripped_birch_log
stripped_cherry_log.png,stripped_cherry_log,stripped_cherry_log
stripped_cherry_log_top.png,stripped_cherry_log,stripped_cherry_log
stripped_crimson_stem.png,stripped_crimson_stem,stripped_crimson_stem
stripped_crimson_stem_top.png,stripped_crimson_stem,stripped_crimson_stem
stripped_dark_oak_log.png,stripped_dark_oak_log,stripped_dark_oak_log
stripped_dark_oak_log_top.png,stripped_dark_oak_log,stripped_dark_oak_log
stripped_jungle_log.png,stripped_jungle_log,stripped_jungle_log
stripped_jungle_log_top.png,stripped_jungle_log,stripped_jungle_log
stripped_mangrove_log.png,stripped_mangrove_log,stripped_mangrove_log
stripped_mangrove_log_top.png,stripped_mangrove_log,stripped_mangrove_log
stripped_oak_log.png,stripped_oak_log,stripped_oak_log
stripped_oak_log_top.png,stripped_oak_log,stripped_oak_log
stripped_spruce_log.png,stripped_spruce_log,stripped_spruce_log
stripped_spruce_log_top.png,stripped_spruce_log,stripped_spruce_log
stripped_warped_stem.png,stripped_warped_stem,stripped_warped_stem
stripped_warped_stem_top.png,stripped_warped_stem,stripped_warped_stem
structure_block.png,structure_block,structure_block
structure_block_corner.png,structure_block,structure_block
structure_block_data.png,structure_block,structure_block
structure_block_load.png,structure_block,structure_block
structure_block_save.png,structure_block,structure_block
sugar_cane.png,sugar_cane,sugar_cane
sunflower_back.png,sunflower,sunflower
sunflower_bottom.png,sunflower,sunflower
sunflower_front.png,sunflower,sunflower
sunflower_top.png,sunflower,sunflower
suspicious_gravel_0.png,suspicious_gravel,suspicious_gravel
suspicious_gravel_1.png,suspicious_gravel,suspicious_gravel
suspicious_gravel_2.png,suspicious_gravel,suspicious_gravel
suspicious_gravel_3.png,suspicious_gravel,suspicious_gravel
suspicious_sand_0.png,suspicious_sand,suspicious_sand
suspicious_sand_1.png,suspicious_sand,suspicious_sand
suspicious_sand_2.png,suspicious_sand,suspicious_sand
suspicious_sand_3.png,suspicious_sand,suspicious_sand
sweet_berry_bush_stage0.png,sweet_berry_bush,sweet_berry_bush
sweet_berry_bush_stage1.png,sweet_berry_bush,sweet_berry_bush
sweet_berry_bush_stage2.png,sweet_berry_bush,sweet_berry_bush
sweet_berry_bush_stage3.png,sweet_berry_bush,sweet_berry_bush
tall_grass_bottom.png,tall_grass,tall_grass
tall_grass_top.png,tall_grass,tall_grass
tall_seagrass_bottom.png,tall_seagrass,tall_seagrass
tall_seagrass_top.png,tall_seagrass,tall_seagrass
target_side.png,target,target
target_top.png,target,target
terracotta.png,terracotta,terracotta
tinted_glass.png,tinted_glass,tinted_glass
tnt_bottom.png,tnt,tnt
tnt_side.png,tnt,tnt
tnt_top.png,tnt,tnt
torch.png,torch,torch
torchflower.png,torchflower,torchflower
torchflower_crop_stage0.png,torchflower_crop,torchflower_crop
torchflower_crop_stage1.png,torchflower_crop,torchflower_crop
trial_spawner_bottom.png,trial_spawner,trial_spawner
trial_spawner_side_active.png,trial_spawner,trial_spawner
trial_spawner_side_active_ominous.png,trial_spawner,trial_spawner
trial_spawner_side_inactive.png,trial_spawner,trial_spawner
trial_spawner_side_inactive_ominous.png,trial_spawner,trial_spawner
trial_spawner_top_active.png,trial_spawner,trial_spawner
trial_spawner_top_active_ominous.png,trial_spawner,trial_spawner
trial_spawner_top_ejecting_reward.png,trial_spawner,trial_spawner
trial_spawner_top_ejecting_reward_ominous.png,trial_spawner,trial_spawner
trial_spawner_top_inactive.png,trial_spawner,trial_spawner
trial_spawner_top_inactive_ominous.png,trial_spawner,trial_spawner
tripwire.png,tripwire,tripwire
tripwire_hook.png,tripwire_hook,tripwire_hook
tube_coral.png,tube_coral,tube_coral
tube_coral_block.png,tube_coral_block,tube_coral_block
tube_coral_fan.png,tube_coral_fan,tube_coral_fan
tuff.png,tuff,tuff
tuff_bricks.png,tuff_bricks,tuff_bricks
turtle_egg.png,turtle_egg,turtle_egg
turtle_egg_slightly_cracked.png,turtle_egg,turtle_egg
turtle_egg_very_cracked.png,turtle_egg,turtle_egg
twisting_vines.png,twisting_vines,twisting_vines
twisting_vines_plant.png,twisting_vines_plant,twisting_vines_plant
vault_bottom.png,vault,vault
vault_bottom_ominous.png,vault,vault
vault_front_ejecting.png,vault,vault
vault_front_ejecting_ominous.png,vault,vault
vault_front_off.png,vault,vault
vault_front_off_ominous.png,vault,vault
vault_front_on.png,vault,vault
vault_front_on_ominous.png,vault,vault
vault_side_off.png,vault,vault
vault_side_off_ominous.png,vault,vault
vault_side_on.png,vault,vault
vault_side_on_ominous.png,vault,vault
vault_top.png,vault,vault
vault_top_ejecting.png,vault,vault
vault_top_ejecting_ominous.png,vault,vault
vault_top_ominous.png,vault,vault
verdant_froglight_side.png,verdant_froglight,verdant_froglight
verdant_froglight_top.png,verdant_froglight,verdant_froglight
vine.png,vine,vine
warped_door_bottom.png,warped_door,warped_door
warped_door_top.png,warped_door,warped_door
warped_fungus.png,warped_fungus,warped_fungus
warped_nylium.png,warped_nylium,warped_nylium
warped_nylium_side.png,warped_nylium,warped_nylium
warped_planks.png,warped_planks,warped_planks
warped_roots.png,warped_roots,warped_roots
warped_roots_pot.png,warped_roots,warped_roots
warped_stem.png,warped_stem,warped_stem
warped_stem_top.png,warped_stem,warped_stem
warped_trapdoor.png,warped_trapdoor,warped_trapdoor
warped_wart_block.png,warped_wart_block,warped_wart_block
water_flow.png,water,water
water_overlay.png,water,water
water_still.png,water,water
weathered_chiseled_copper.png,weathered_chiseled_copper,weathered_chiseled_copper
weathered_copper.png,weathered_copper,weathered_copper
weathered_copper_bulb.png,weathered_copper_bulb,weathered_copper_bulb
weathered_copper_bulb_lit.png,weathered_copper_bulb,weathered_copper_bulb
weathered_copper_bulb_lit_powered.png,weathered_copper_bulb,weathered_copper_bulb
weathered_copper_bulb_powered.png,weathered_copper_bulb,weathered_copper_bulb
weathered_copper_door_bottom.png,weathered_copper_door,weathered_copper_door
weathered_copper_door_top.png,weathered_copper_door,weathered_copper_door
weathered_copper_grate.png,weathered_copper_grate,weathered_copper_grate
weathered_copper_trapdoor.png,weathered_copper_trapdoor,weathered_copper_trapdoor
weathered_cut_copper.png,weathered_cut_copper,weathered_cut_copper
weeping_vines.png,weeping_vines,weeping_vines
weeping_vines_plant.png,weeping_vines_plant,weeping_vines_plant
wet_sponge.png,wet_sponge,wet_sponge
wheat_stage0.png,wheat,wheat
wheat_stage1.png,wheat,wheat
wheat_stage2.png,wheat,wheat
wheat_stage3.png,wheat,wheat
wheat_stage4.png,wheat,wheat
wheat_stage5.png,wheat,wheat
wheat_stage6.png,wheat,wheat
wheat_stage7.png,wheat,wheat
white_candle.png,white_candle,white_candle
white_candle_lit.png,white_candle,white_candle
white_concrete.png,white_concrete,white_concrete
white_concrete_powder.png,white_concrete_powder,white_concrete_powder
white_glazed_terracotta.png,white_glazed_terracotta,white_glazed_terracotta
white_shulker_box.png,white_shulker_box,white_shulker_box
white_stained_glass.png,white_stained_glass,white_stained_glass
white_stained_glass_pane_top.png,white_stained_glass_pane,white_stained_glass_pane
white_terracotta.png,white_terracotta,white_terracotta
white_tulip.png,white_tulip,white_tulip
white_wool.png,white_wool,white_wool
wither_rose.png,wither_rose,wither_rose
yellow_candle.png,yellow_candle,yellow_candle
yellow_candle_lit.png,yellow_candle,yellow_candle
yellow_concrete.png,yellow_concrete,yellow_concrete
yellow_concrete_powder.png,yellow_concrete_powder,yellow_concrete_powder
yellow_glazed_terracotta.png,yellow_glazed_terracotta,yellow_glazed_terracotta
yellow_shulker_box.png,yellow_shulker_box,yellow_shulker_box
yellow_stained_glass.png,yellow_stained_glass,yellow_stained_glass
yellow_stained_glass_pane_top.png,yellow_stained_glass_pane,yellow_stained_glass_pane
yellow_terracotta.png,yellow_terracotta,yellow_terracotta
yellow_wool.png,yellow_wool,yellow_wool
